{"cameraMode":{"drawMode":0,"name":"Shaded","section":"Shading Mode"},"sceneLighting":true,"audioPlay":false,"sceneViewState":{"m_AlwaysRefresh":false,"showFog":true,"showSkybox":true,"showFlares":true,"showImageEffects":true,"showParticleSystems":true,"showVisualEffectGraphs":true,"m_FxEnabled":true},"in2DMode":false,"pivot":{"x":-11.432311058044434,"y":-12.475319862365723,"z":11.717364311218262},"rotation":{"x":0.45661795139312746,"y":-0.046668872237205508,"z":0.023994484916329385,"w":0.8881139159202576},"size":39.91694259643555,"orthographic":false}