{"cameraMode":{"drawMode":0,"name":"Shaded","section":"Shading Mode"},"sceneLighting":true,"audioPlay":false,"sceneViewState":{"m_AlwaysRefresh":false,"showFog":true,"showSkybox":true,"showFlares":true,"showImageEffects":true,"showParticleSystems":true,"showVisualEffectGraphs":true,"m_FxEnabled":true},"in2DMode":false,"pivot":{"x":0.46052277088165285,"y":0.9073836803436279,"z":1.1510989665985108},"rotation":{"x":0.04258366674184799,"y":0.9392180442810059,"z":-0.3163597583770752,"w":0.1264180839061737},"size":2.247849225997925,"orthographic":true}